BRAND,NAME,No of Reviews,Price,Availability
Casio,Edifice Bluetooth Connect Analog-Digital Black Dial Men's Watch EFV-C100D-1AVDF(EX438),125,"8,495",Currently not deliverable
Casio,Edifice Chronograph black Dial Men's Watch - EF-539D-1A5VDF(ED368),67,"8,795",Currently not deliverable
Casio,Edifice Men's Tachymeter Chronograph EF-558SG-1AVDF (ED439),229,"13,995","₹8,793"
Casio,Edifice Analog Black Dial Men's Watch - EF-130D-1A2VDF(ED417),580,"6,995",Currently not deliverable
Casio,Edifice Chronograph Black Dial Men's Watch EFR-559GY-1AVUDF(EX491),34,"9,746",Currently not deliverable
Casio,Edifice Chronograph Black Dial Men's Watch EQS-900PB-1AVUDF(EX504),41,"12,995",Currently not deliverable
Casio,Edifice Bluetooth Connect Analog-Digital Black Dial Men's Watch EFV-C100L-1AVDF(EX441),66,"7,995",Currently not deliverable
Casio,Edifice Chronograph Black Dial Men's Watch - EFR-526BK-1A1VUDF (EX206),192,"8,995",Currently not deliverable
Casio,Edifice Chronograph Multi-Colour Dial Men's Watch - EFR-539SG-7AVUDF (EX189),114,"11,995","₹7,993"
Casio,Edifice Chronograph Multi-Color Dial Men's Watch - EFR-539D-1A2VUDF (EX190),274,"8,995",Currently not deliverable
Casio,Edifice Chronograph Black Dial Men's Watch - EFR-526D-1AVUDF(EX093),99,"6,995","₹8,993"
Casio,Edifice Analog Grey Dial Men's Watch-EFR-552GY-8AVUDF (EX442),20,"9,495",Currently not deliverable
Casio,Edifice Chronograph Multi Colour Men's Watch EFR-556DB-1AVUDF(EX361),88,"8,795",Currently not deliverable
Casio,Edifice Chronograph Brown Dial Men's Watch EFR-564BL-5AVUDF(EX471),37,"8,495",Currently not deliverable
Casio,Edifice Analog Black Dial Men's Watch - EFR-556PB-1AVUDF (EX385),39,"9,595",Currently not deliverable
Casio,Edifice Chronograph Multi-Color Dial Men's Watch - EF-539D-1AVDF (ED369),213,"8,795",Currently not deliverable
Casio,Edifice Tachymeter Chronograph White Dial Men's Watch - EF-539D-7AVDF (ED370),99,"8,795",Currently not deliverable
Casio,Edifice Bluetooth Connect Analog-Digital Black Dial Men's Watch ECB-900DC-1ADR(EX517),33,"15,995",Currently not deliverable
Casio,Edifice Chronograph Beige Dial Men's Watch - EFR-526L-7BVUDF (EX303),144,"6,495","₹9,593"
Casio,Edifice Analog Black Dial Men's Watch EFR-S107L-1AVUDF(EX510),4,NaN,Currently not deliverable
Casio,Edifice Chronograph Blue Dial Men's Watch - EF-558D-2AVDF(ED437),41,"12,995",Currently not deliverable
Casio,Edifice Chronograph Blue Dial Men's Watch - EFR-526L-2AVUDF (EX302),156,"5,495",Currently not deliverable
Casio,Edifice Analog Blue Dial Men's Watch EFV-120DB-2AVUDF(ED482),11,"7,495","₹15,993"
Casio,Edifice Chronograph Silver Dial Men's Watch EFR-559SG-7AVUDF(EX429),8,"11,995",Currently not deliverable
Casio,Edifice Chronograph Black Dial Men's Watch EFR-566DB-1AVUDF(ED478),27,"9,995",NaN
Casio,Edifice Chronograph Blue Dial Men's Watch EQS-920BL-2AVUDF(EX486),39,"11,495",Currently not deliverable
Casio,Edifice Bluetooth Connect Analog-Digital Black Dial Men's Watch ERA-110D-1AVDF(EX456),10,"8,495",Currently not deliverable
Casio,Analog Black Dial Men's Watch-MTP-1374HD-2AVIF (A1646),301,"4,995",Currently not deliverable
Casio,Enticer Analog Blue Dial Men's Watch - MTP-VD01D-2BVUDF (A1363),374,"2,395",Currently not deliverable
Casio,Enticer Chronograph Black Dial Men's Watch - MTP-1374L-1AVDF (A834),579,"4,695",Currently not deliverable
Casio,Youth-Combination Analog-Digital Black Dial Men's Watch - AEQ-110W-1AVDF (AD207),678,"3,295",Currently not deliverable
Casio,Youth Series Analog White Dial Men's Watch - MQ-27-7BUDF(A210),552,795,Currently not deliverable
Casio,Edifice Chronograph Black Dial Men's Watch EFR-556GY-1AVUDF(EX494),53,"9,495",Currently not deliverable
Casio,Edifice Chronograph Black Dial Men's Watch EFR-566PB-1AVUDF(ED480),19,"9,495",Currently not deliverable
Casio,Edifice Chronograph Blue Dial Men's Watch - EF-539D-1A2VDF (ED462),43,"8,795",Currently not deliverable
Casio,Edifice Chronograph Black Dial Men's Watch - EF-540D-1AVDF(ED371),177,"8,495",Currently not deliverable
Casio,Edifice Analog Black Dial Men's Watch - EF-334D-1AVDF (ED420),160,"6,995",Currently not deliverable
Casio,Enticer Black Dial Men's Watch - A832/A1645,"1,041","4,995",Currently not deliverable
Casio,Edifice Chronograph Blue Dial Men's Watch - EFR-527D-2AVUDF(EX099),131,"6,995",Currently not deliverable
Casio,Edifice Chronograph Black Dial Men's Watch EFV-540DC-1AVUDF(EX414),66,"8,995",Currently not deliverable
Casio,Edifice Bluetooth Connect Analog-Digital Black Dial Men's Watch ECB-20D-1ADF(EX524),NaN,"11,993",Currently not deliverable
Casio,Enticer Analog Blue Dial Men's Watch - MTP-1314D-2AVDF (A551),448,"2,795",Currently not deliverable
Casio,Youth-Combination Analog-Digital Gold Dial Men's Watch - AEQ-110BW-9AVDF (AD206),729,"3,595",Currently not deliverable
Casio,Edifice Chronograph Black Dial Men's Watch EFV-540DC-1BVUDF(EX415),15,"8,993","₹4,993"
Casio,Edifice Bluetooth Connect Analog-Digital Black Dial Men's Watch ECB-20DB-1ADF(EX525),NaN,"13,995",Currently not deliverable
Casio,Edifice Analog Black Dial Men's Watch EFV-120DB-1AVUDF(ED481),3,"7,493",Currently not deliverable
Casio,Edifice Chronograph White Dial Men's Watch - EFR-526D-7AVUDF (EX095),41,"6,993","₹8,993"
Casio,Edifice Chronograph Black Dial Men's Watch EQS-920DB-1BVUDF(EX488),43,"11,995",Currently not deliverable
NaN,NaN,NaN,NaN,Currently not deliverable
NaN,NaN,NaN,NaN,Currently not deliverable
NaN,NaN,NaN,NaN,Currently not deliverable
NaN,NaN,NaN,NaN,Currently not deliverable
